"filename", "language", "C#", "JSON", "comment", "blank", "total"
"c:\Users\nin\OOPA2\My Version\Board.cs", "C#", 1, 0, 0, 0, 1
"c:\Users\nin\OOPA2\My Version\Exceptions.cs", "C#", 9, 0, 0, 3, 12
"c:\Users\nin\OOPA2\My Version\GameLoop.cs", "C#", 77, 0, -1, 8, 84
"c:\Users\nin\OOPA2\My Version\Gomokuv12SaveGame.json", "JSON", 0, 1, 0, 0, 1
"c:\Users\nin\OOPA2\My Version\HistoryEngine.cs", "C#", 5, 0, -3, 1, 3
"c:\Users\nin\OOPA2\My Version\Notaktov09SaveGame.json", "JSON", 0, 1, 0, 0, 1
"c:\Users\nin\OOPA2\My Version\Notaktov10SaveGame.json", "JSON", 0, 1, 0, 0, 1
"c:\Users\nin\OOPA2\My Version\Notaktov11SaveGame.json", "JSON", 0, 1, 0, 0, 1
"c:\Users\nin\OOPA2\My Version\Notaktov12SaveGame.json", "JSON", 0, 1, 0, 0, 1
"c:\Users\nin\OOPA2\My Version\Player.cs", "C#", 15, 0, 0, 2, 17
"c:\Users\nin\OOPA2\My Version\RenderEngine.cs", "C#", 1, 0, 0, 0, 1
"c:\Users\nin\OOPA2\My Version\Rules\GomokuRules.cs", "C#", 78, 0, 2, 13, 93
"c:\Users\nin\OOPA2\My Version\Rules\NotaktoRules.cs", "C#", 65, 0, 4, 13, 82
"c:\Users\nin\OOPA2\My Version\Rules\NumericalTicTacToe.cs", "C#", 73, 0, 1, 11, 85
"c:\Users\nin\OOPA2\My Version\Rules\Rules.cs", "C#", -67, 0, -1, -5, -73
"c:\Users\nin\OOPA2\My Version\SaveEngine.cs", "C#", 73, 0, 0, 14, 87
"c:\Users\nin\OOPA2\My Version\Setup\GameSetup.cs", "C#", 60, 0, 0, 2, 62
"c:\Users\nin\OOPA2\My Version\SystemCommands\SystemCommands.cs", "C#", 79, 0, 1, 6, 86
"c:\Users\nin\OOPA2\My Version\UI\ConsoleUI.cs", "C#", -1, 0, 0, 0, -1
"c:\Users\nin\OOPA2\My Version\UI\UICommands.cs", "C#", -26, 0, -3, -6, -35
"Total", "-", 442, 5, 0, 62, 509